product_name,product_id,reviewer_name,review_id,review_title,review_text,rating,review_date,verified_purchase,helpful_votes
"Apple Watch Series 8","W12345","FitnessEnthusiast2","R21001","Perfect fitness companion","This watch has transformed my fitness routine. The activity tracking is accurate, the workout detection is reliable, and the health metrics provide valuable insights. The ECG and blood oxygen features give peace of mind, and the integration with Apple Fitness+ is seamless. Battery easily lasts all day even with workouts. The always-on display is bright and readable outdoors.",5,"2023-01-05",TRUE,78
"Apple Watch Series 8","W12345","iPhoneUser","R21002","Seamless extension of iPhone","For iPhone users, this watch offers unmatched integration. Notifications, calls, messages, and app interactions work flawlessly. The ability to unlock my Mac and iPhone while wearing a mask is convenient, and Apple Pay from the wrist is quick and secure. The health features provide useful data without being overwhelming. Battery life is adequate but requires daily charging.",4,"2023-01-09",TRUE,65
"Apple Watch Series 8","W12345","CasualUser2","R21003","Overpriced for basic features","While the watch works well, most of the features I actually use (notifications, basic fitness tracking, time) are available on watches costing a third of the price. The premium features like ECG and blood oxygen aren't accurate enough for medical purposes, and the battery life is disappointing compared to competitors. It's a good product but poor value.",2,"2023-01-12",TRUE,83
"Apple Watch Series 8","W12345","HealthConscious","R21004","Valuable health monitoring","The health monitoring features have proven genuinely useful. The irregular heart rhythm notifications prompted me to visit a doctor, who confirmed atrial fibrillation. The sleep tracking provides actionable insights, and the cycle tracking is comprehensive. The fitness tracking motivates daily activity. Battery life is sufficient but requires charging while showering each morning.",5,"2023-01-16",TRUE,91
"Apple Watch Series 8","W12345","FormerGarminUser","R21005","Good smartwatch, mediocre fitness watch","Coming from Garmin, this excels as a smartwatch but falls short for serious fitness tracking. The smart features and display are superior, but battery life is frustrating for longer activities, GPS accuracy is inconsistent, and the fitness metrics lack depth. It's perfect if smartwatch features are your priority with fitness as a secondary concern, but dedicated athletes should look elsewhere.",3,"2023-01-19",TRUE,72
"Samsung Galaxy Watch 5 Pro","W23456","AndroidEnthusiast","R22001","Best smartwatch for Android users","This watch offers the most complete experience for Android users. The WearOS platform provides access to a wide range of apps, the fitness tracking is comprehensive and accurate, and the battery life easily lasts 2-3 days with normal use. The titanium construction feels premium and durable for active lifestyles. The new temperature sensor and improved sleep tracking provide useful health insights.",5,"2023-02-03",TRUE,67
"Samsung Galaxy Watch 5 Pro","W23456","OutdoorAdventurer","R22002","Great for hiking and outdoor activities","The combination of durable titanium construction, multi-day battery life, and excellent GPS tracking makes this ideal for outdoor adventures. The route tracking and navigation features work well for hiking, and the automatic workout detection is reliable for various activities. The sapphire crystal has resisted scratches despite rough treatment. The only downside is the limited third-party app ecosystem compared to Apple.",4,"2023-02-07",TRUE,53
"Samsung Galaxy Watch 5 Pro","W23456","SamsungFan","R22003","Good but not a major upgrade","As an owner of the previous model, this doesn't offer enough improvements to justify the upgrade. The battery life is better and the construction feels more premium, but the software experience and core functionality remain largely unchanged. The temperature sensor has limited practical use so far. New buyers will be happy, but existing Samsung watch owners should wait for the next generation.",3,"2023-02-10",TRUE,61
"Samsung Galaxy Watch 5 Pro","W23456","FitnessTracker","R22004","Comprehensive fitness features","The fitness and health tracking on this watch is impressive. Heart rate monitoring is accurate even during high-intensity workouts, sleep tracking provides detailed insights, and the body composition measurement is a unique feature not found on competitors. Battery life easily handles multi-hour GPS activities, which is crucial for marathon training. The coaching features and automatic rep counting are also useful for strength training.",5,"2023-02-14",TRUE,48
"Samsung Galaxy Watch 5 Pro","W23456","TechReviewer3","R22005","Premium hardware with software limitations","The hardware is excellent - premium materials, bright display, accurate sensors, and good battery life. However, the software experience still lags behind Apple, with occasional bugs, limited third-party app support, and some features restricted to Samsung phones. It's the best option for Android users, but the ecosystem still feels fragmented compared to Apple's unified approach.",4,"2023-02-17",TRUE,59
"Garmin Fenix 7X Solar","W34567","UltraRunner","R23001","Ultimate endurance sports watch","For serious endurance athletes, this watch is unmatched. The battery life is extraordinary - I completed a 100-mile ultramarathon with GPS tracking and still had 40% battery remaining. The multi-band GPS is incredibly accurate even in challenging environments like dense forests and urban canyons. The training metrics and recovery advice have genuinely improved my performance. The solar charging is effective and extends battery life noticeably during outdoor activities.",5,"2023-03-02",TRUE,83
"Garmin Fenix 7X Solar","W34567","OutdoorEnthusiast","R23002","Built for adventure","This watch is designed for those who spend significant time outdoors. The mapping features are excellent for hiking and trail running, the battery life means you don't worry about charging during weekend adventures, and the durability has withstood rock climbing, swimming, and accidental impacts. The flashlight feature has proven surprisingly useful for camping and night activities. The only downside is the limited smartwatch features compared to Apple and Samsung.",5,"2023-03-06",TRUE,71
"Garmin Fenix 7X Solar","W34567","CasualAthlete","R23003","Overkill for casual use","While this is an impressive device, it's completely overkill for casual athletes. The advanced metrics are interesting but not actionable for someone who runs a few times a week, and the premium price is hard to justify unless you're regularly doing endurance events or backcountry adventures. The size is also quite large for everyday wear, especially for smaller wrists. Great watch but know what you're buying it for.",3,"2023-03-09",TRUE,65
"Garmin Fenix 7X Solar","W34567","DataAnalyst","R23004","Comprehensive fitness data","As someone who loves analyzing data, this watch is perfect. The depth and breadth of metrics is unmatched - from detailed sleep stages to training effect, body battery, and performance metrics. The Garmin Connect app presents this data in a useful way, and the ability to export for deeper analysis is appreciated. The watch itself is comfortable despite its size, and the battery life means you get continuous data without gaps for charging.",5,"2023-03-13",TRUE,57
"Garmin Fenix 7X Solar","W34567","MultisportAthlete","R23005","Perfect for triathletes","For multisport athletes, this watch excels with sport-specific metrics for swimming, cycling, running, and more. The transition between sports in triathlon mode works flawlessly, and the battery easily handles Ironman-distance events. The training load and recovery metrics help prevent overtraining, and the navigation features are useful for exploring new routes. The price is high but justified for serious athletes who participate in multiple sports.",5,"2023-03-16",TRUE,49
"Fitbit Sense 2","W45678","HealthTracker","R24001","Comprehensive health monitoring","This watch excels at health tracking with features like ECG, stress monitoring, skin temperature, and detailed sleep analysis. The stress detection with cEDA sensor is unique and has helped me identify and manage stressful situations. Battery life is excellent at 5-6 days, allowing for continuous health monitoring including sleep. The fitness tracking is accurate for casual exercise, though serious athletes might want more detailed metrics.",4,"2023-04-01",TRUE,62
"Fitbit Sense 2","W45678","SleepProblems","R24002","Game-changer for sleep tracking","As someone with sleep issues, this watch has provided valuable insights. The detailed sleep stages, sleep score, and trends over time have helped identify patterns and improvements. The silent alarm with smart wake is gentle and effective. The battery life easily lasts through multiple nights, which is crucial for continuous sleep data. The stress tracking has also helped identify connections between daytime stress and sleep quality.",5,"2023-04-04",TRUE,58
"Fitbit Sense 2","W45678","DisappointedUpgrader2","R24003","Downgrade from original Sense","As an owner of the original Sense, this feels like a downgrade in several ways. Google Assistant is gone, third-party apps are no longer supported, and the interface is less intuitive. The health tracking remains good, but the smartwatch functionality has been reduced significantly. Battery life and build quality are still excellent, but the software experience has regressed.",2,"2023-04-08",TRUE,74
"Fitbit Sense 2","W45678","CasualExerciser2","R24004","Perfect for wellness focus","For someone focused on general wellness rather than athletic performance, this watch hits the sweet spot. The stress tracking, mindfulness features, and comprehensive sleep analysis provide actionable insights for improving overall health. The fitness tracking is adequate for regular exercise without being overwhelming with metrics. The long battery life means less hassle with charging, and the design is attractive for daily wear.",4,"2023-04-11",TRUE,41
"Fitbit Sense 2","W45678","FormerAppleUser","R24005","Better for health, worse for smart features","Coming from Apple Watch, the health tracking is more comprehensive and the battery life is dramatically better, lasting nearly a week instead of a day. However, the smart features are limited, with fewer apps, less responsive interface, and more limited notification interactions. If health tracking is your priority over smartwatch features, and you want less frequent charging, this is a good alternative to Apple Watch.",3,"2023-04-14",TRUE,53
"Withings ScanWatch","W56789","MinimalistUser2","R25001","Elegant hybrid with health focus","This hybrid watch offers the perfect balance for those who want health tracking without the distractions of a full smartwatch. The classic analog design with subtle digital display is elegant enough for formal occasions while still providing health data. The 30-day battery life is liberating after other smartwatches, and the health features like ECG and SpO2 are implemented well. Sleep tracking is accurate and unobtrusive.",5,"2023-05-01",TRUE,57
"Withings ScanWatch","W56789","HeartPatient","R25002","Medical-grade monitoring in a classic watch","As someone with heart concerns, the ECG functionality has proven valuable and accurate compared to medical devices. The automatic SpO2 monitoring during sleep has identified potential sleep apnea issues I wasn't aware of. The classic design doesn't draw attention like typical medical devices, and the long battery life means continuous monitoring without constant charging. The Health Mate app presents data clearly for sharing with healthcare providers.",5,"2023-05-04",TRUE,68
"Withings ScanWatch","W56789","TraditionalistTechie","R25003","Smart features without the smartwatch look","This watch is perfect for those who want health tracking but dislike the aesthetic and constant charging of typical smartwatches. The classic analog design with subtle smart features offers the best of both worlds. Activity tracking is accurate, notifications are useful without being intrusive, and the sleep analysis is detailed. The sapphire glass and stainless steel construction feel premium and durable. The 30-day battery life is a major advantage over traditional smartwatches.",5,"2023-05-08",TRUE,49
"Withings ScanWatch","W56789","OccasionalExerciser","R25004","Limited for serious fitness tracking","While the health monitoring features are excellent, this watch falls short for fitness enthusiasts. The workout tracking is basic, there's no GPS without carrying your phone, and the small display limits real-time workout data. The heart rate monitoring is accurate for resting and moderate activity but struggles with high-intensity exercise. Perfect for health monitoring and casual activity tracking, but not for dedicated athletes.",3,"2023-05-11",TRUE,42
"Withings ScanWatch","W56789","WatchCollector","R25005","Genuine watch with smart features","As a watch enthusiast, this is the only smartwatch that satisfies both my appreciation for traditional watchmaking and desire for health tracking. The design and construction meet the standards of a quality analog watch, while the smart features are implemented discreetly and effectively. The sapphire crystal, stainless steel case, and quality leather strap feel appropriate for the price point. The long battery life means it behaves like a regular watch for charging habits.",5,"2023-05-14",TRUE,51
